stage,model,mse,rmse,mae,r2
raw_coords,LinearRegression,22.934982486810732,4.7890481817173995,3.5772985260810333,0.8266896982894676
raw_coords,RandomForest,10.77396339332449,3.2823716110953205,2.51394006920244,0.9185855560435201
raw_coords,HistGradientBoosting,9.117952763140643,3.0195948011514133,2.270781965976449,0.9310993524729728
plus_distance,LinearRegression,2.745942453742664,1.6570885473452117,1.3191160487298939,0.9792500336369745
plus_distance,RandomForest,2.970590297076123,1.723540048004723,1.3626971505381011,0.9775524615752068
plus_distance,HistGradientBoosting,2.7517297084835053,1.65883383992596,1.2908991719563012,0.9792063017149734
plus_sector,LinearRegression,2.656139687221776,1.629766758533802,1.3014140939816043,0.9799286364904594
plus_sector,RandomForest,2.966422763583902,1.7223306197080461,1.3587958478795206,0.9775839539248234
plus_sector,HistGradientBoosting,2.768038191270137,1.6637422250066676,1.292985462097459,0.9790830651668828
